<?xml version="1.0"?>
<link_info>
   <banner>MSP430 Linker PC v4.1.5</banner>
   <copyright>Copyright (c) 2003-2013 Texas Instruments Incorporated</copyright>
   <link_time>0x52c649cf</link_time>
   <output_file>SAS.out</output_file>
   <entry_point>
      <name>_c_int00</name>
      <address>0xc13e</address>
   </entry_point>
   <input_file_list>
      <input_file id="fl-2">
         <path>.\</path>
         <kind>object</kind>
         <file>main.obj</file>
         <name>main.obj</name>
      </input_file>
      <input_file id="fl-3">
         <path>.\</path>
         <kind>object</kind>
         <file>HC06.obj</file>
         <name>HC06.obj</name>
      </input_file>
      <input_file id="fl-1d">
         <path>E:\ccs\ccsv5\tools\compiler\msp430_4.1.5\lib\</path>
         <kind>archive</kind>
         <file>rts430_eabi.lib</file>
         <name>boot.obj</name>
      </input_file>
      <input_file id="fl-1e">
         <path>E:\ccs\ccsv5\tools\compiler\msp430_4.1.5\lib\</path>
         <kind>archive</kind>
         <file>rts430_eabi.lib</file>
         <name>copy_decompress_none.obj</name>
      </input_file>
      <input_file id="fl-1f">
         <path>E:\ccs\ccsv5\tools\compiler\msp430_4.1.5\lib\</path>
         <kind>archive</kind>
         <file>rts430_eabi.lib</file>
         <name>copy_decompress_rle.obj</name>
      </input_file>
      <input_file id="fl-20">
         <path>E:\ccs\ccsv5\tools\compiler\msp430_4.1.5\lib\</path>
         <kind>archive</kind>
         <file>rts430_eabi.lib</file>
         <name>copy_zero_init.obj</name>
      </input_file>
      <input_file id="fl-21">
         <path>E:\ccs\ccsv5\tools\compiler\msp430_4.1.5\lib\</path>
         <kind>archive</kind>
         <file>rts430_eabi.lib</file>
         <name>epilog.obj</name>
      </input_file>
      <input_file id="fl-22">
         <path>E:\ccs\ccsv5\tools\compiler\msp430_4.1.5\lib\</path>
         <kind>archive</kind>
         <file>rts430_eabi.lib</file>
         <name>exit.obj</name>
      </input_file>
      <input_file id="fl-23">
         <path>E:\ccs\ccsv5\tools\compiler\msp430_4.1.5\lib\</path>
         <kind>archive</kind>
         <file>rts430_eabi.lib</file>
         <name>memcpy.obj</name>
      </input_file>
      <input_file id="fl-24">
         <path>E:\ccs\ccsv5\tools\compiler\msp430_4.1.5\lib\</path>
         <kind>archive</kind>
         <file>rts430_eabi.lib</file>
         <name>pre_init.obj</name>
      </input_file>
      <input_file id="fl-25">
         <path>E:\ccs\ccsv5\tools\compiler\msp430_4.1.5\lib\</path>
         <kind>archive</kind>
         <file>rts430_eabi.lib</file>
         <name>_lock.obj</name>
      </input_file>
      <input_file id="fl-26">
         <path>E:\ccs\ccsv5\tools\compiler\msp430_4.1.5\lib\</path>
         <kind>archive</kind>
         <file>rts430_eabi.lib</file>
         <name>args_main.obj</name>
      </input_file>
      <input_file id="fl-27">
         <path>E:\ccs\ccsv5\tools\compiler\msp430_4.1.5\lib\</path>
         <kind>archive</kind>
         <file>rts430_eabi.lib</file>
         <name>autoinit.obj</name>
      </input_file>
   </input_file_list>
   <object_component_list>
      <object_component id="oc-45">
         <name>.stack</name>
         <uninitialized>true</uninitialized>
         <run_address>0x3b0</run_address>
         <size>0x2</size>
         <input_file_ref idref="fl-1d"/>
      </object_component>
      <object_component id="oc-105">
         <name>.stack</name>
         <uninitialized>true</uninitialized>
         <run_address>0x3b0</run_address>
         <size>0x0</size>
      </object_component>
      <object_component id="oc-4b">
         <name>.text:_auto_init</name>
         <load_address>0xc000</load_address>
         <run_address>0xc000</run_address>
         <size>0x5e</size>
         <input_file_ref idref="fl-27"/>
      </object_component>
      <object_component id="oc-8e">
         <name>.text:Play_Song</name>
         <load_address>0xc05e</load_address>
         <run_address>0xc05e</run_address>
         <size>0x54</size>
         <input_file_ref idref="fl-2"/>
      </object_component>
      <object_component id="oc-4f">
         <name>.text:main</name>
         <load_address>0xc0b2</load_address>
         <run_address>0xc0b2</run_address>
         <size>0x42</size>
         <input_file_ref idref="fl-2"/>
      </object_component>
      <object_component id="oc-89">
         <name>.text:Init_HC06</name>
         <load_address>0xc0f4</load_address>
         <run_address>0xc0f4</run_address>
         <size>0x2c</size>
         <input_file_ref idref="fl-3"/>
      </object_component>
      <object_component id="oc-b7">
         <name>.text:Delay_Nms</name>
         <load_address>0xc120</load_address>
         <run_address>0xc120</run_address>
         <size>0x1e</size>
         <input_file_ref idref="fl-2"/>
      </object_component>
      <object_component id="oc-2e">
         <name>.text:_c_int00_noexit</name>
         <load_address>0xc13e</load_address>
         <run_address>0xc13e</run_address>
         <size>0x1a</size>
         <input_file_ref idref="fl-1d"/>
      </object_component>
      <object_component id="oc-37">
         <name>.text:decompress:ZI:__TI_zero_init</name>
         <load_address>0xc158</load_address>
         <run_address>0xc158</run_address>
         <size>0x14</size>
         <input_file_ref idref="fl-20"/>
      </object_component>
      <object_component id="oc-84">
         <name>.text</name>
         <load_address>0xc16c</load_address>
         <run_address>0xc16c</run_address>
         <size>0x10</size>
         <input_file_ref idref="fl-21"/>
      </object_component>
      <object_component id="oc-3f">
         <name>.text:TimerA_ISR</name>
         <load_address>0xc17c</load_address>
         <run_address>0xc17c</run_address>
         <size>0x6</size>
         <input_file_ref idref="fl-2"/>
      </object_component>
      <object_component id="oc-47">
         <name>.text:_system_pre_init</name>
         <load_address>0xc182</load_address>
         <run_address>0xc182</run_address>
         <size>0x4</size>
         <input_file_ref idref="fl-24"/>
      </object_component>
      <object_component id="oc-54">
         <name>.text:abort</name>
         <load_address>0xc186</load_address>
         <run_address>0xc186</run_address>
         <size>0x4</size>
         <input_file_ref idref="fl-22"/>
      </object_component>
      <object_component id="oc-104">
         <name>.cinit..bss.load</name>
         <load_address>0xc21e</load_address>
         <run_address>0xc21e</run_address>
         <size>0x4</size>
      </object_component>
      <object_component id="oc-102">
         <name>__TI_handler_table</name>
         <load_address>0xc222</load_address>
         <run_address>0xc222</run_address>
         <size>0x2</size>
      </object_component>
      <object_component id="oc-103">
         <name>__TI_cinit_table</name>
         <load_address>0xc224</load_address>
         <run_address>0xc224</run_address>
         <size>0x4</size>
      </object_component>
      <object_component id="oc-b5">
         <name>.const:.string:min_zu_feng</name>
         <load_address>0xc18a</load_address>
         <run_address>0xc18a</run_address>
         <size>0x93</size>
         <input_file_ref idref="fl-2"/>
      </object_component>
      <object_component id="oc-40">
         <name>.int09</name>
         <load_address>0xfff2</load_address>
         <run_address>0xfff2</run_address>
         <size>0x2</size>
         <input_file_ref idref="fl-2"/>
      </object_component>
      <object_component id="oc-2f">
         <name>.reset</name>
         <load_address>0xfffe</load_address>
         <run_address>0xfffe</run_address>
         <size>0x2</size>
         <input_file_ref idref="fl-1d"/>
      </object_component>
      <object_component id="oc-74">
         <name>.bss</name>
         <uninitialized>true</uninitialized>
         <run_address>0x200</run_address>
         <size>0x2</size>
         <input_file_ref idref="fl-2"/>
      </object_component>
      <object_component id="oc-30">
         <name>.debug_info</name>
         <load_address>0x0</load_address>
         <run_address>0x0</run_address>
         <size>0x129</size>
         <input_file_ref idref="fl-1d"/>
      </object_component>
      <object_component id="oc-38">
         <name>.debug_info</name>
         <load_address>0x129</load_address>
         <run_address>0x129</run_address>
         <size>0x193</size>
         <input_file_ref idref="fl-20"/>
      </object_component>
      <object_component id="oc-41">
         <name>.debug_info</name>
         <load_address>0x2bc</load_address>
         <run_address>0x2bc</run_address>
         <size>0xdb</size>
         <input_file_ref idref="fl-2"/>
      </object_component>
      <object_component id="oc-46">
         <name>.debug_info</name>
         <load_address>0x397</load_address>
         <run_address>0x397</run_address>
         <size>0xaa</size>
         <input_file_ref idref="fl-1d"/>
      </object_component>
      <object_component id="oc-48">
         <name>.debug_info</name>
         <load_address>0x441</load_address>
         <run_address>0x441</run_address>
         <size>0x101</size>
         <input_file_ref idref="fl-24"/>
      </object_component>
      <object_component id="oc-4c">
         <name>.debug_info</name>
         <load_address>0x542</load_address>
         <run_address>0x542</run_address>
         <size>0x1aa</size>
         <input_file_ref idref="fl-27"/>
      </object_component>
      <object_component id="oc-50">
         <name>.debug_info</name>
         <load_address>0x6ec</load_address>
         <run_address>0x6ec</run_address>
         <size>0x148</size>
         <input_file_ref idref="fl-2"/>
      </object_component>
      <object_component id="oc-55">
         <name>.debug_info</name>
         <load_address>0x834</load_address>
         <run_address>0x834</run_address>
         <size>0x121</size>
         <input_file_ref idref="fl-22"/>
      </object_component>
      <object_component id="oc-64">
         <name>.debug_info</name>
         <load_address>0x955</load_address>
         <run_address>0x955</run_address>
         <size>0x46</size>
         <input_file_ref idref="fl-20"/>
      </object_component>
      <object_component id="oc-75">
         <name>.debug_info</name>
         <load_address>0x99b</load_address>
         <run_address>0x99b</run_address>
         <size>0xbd</size>
         <input_file_ref idref="fl-2"/>
      </object_component>
      <object_component id="oc-79">
         <name>.debug_info</name>
         <load_address>0xa58</load_address>
         <run_address>0xa58</run_address>
         <size>0x89</size>
         <input_file_ref idref="fl-1d"/>
      </object_component>
      <object_component id="oc-7f">
         <name>.debug_info</name>
         <load_address>0xae1</load_address>
         <run_address>0xae1</run_address>
         <size>0x84</size>
         <input_file_ref idref="fl-1f"/>
      </object_component>
      <object_component id="oc-85">
         <name>.debug_info</name>
         <load_address>0xb65</load_address>
         <run_address>0xb65</run_address>
         <size>0xe2</size>
         <input_file_ref idref="fl-21"/>
      </object_component>
      <object_component id="oc-8a">
         <name>.debug_info</name>
         <load_address>0xc47</load_address>
         <run_address>0xc47</run_address>
         <size>0xd8</size>
         <input_file_ref idref="fl-3"/>
      </object_component>
      <object_component id="oc-8f">
         <name>.debug_info</name>
         <load_address>0xd1f</load_address>
         <run_address>0xd1f</run_address>
         <size>0x20b</size>
         <input_file_ref idref="fl-2"/>
      </object_component>
      <object_component id="oc-94">
         <name>.debug_info</name>
         <load_address>0xf2a</load_address>
         <run_address>0xf2a</run_address>
         <size>0x84</size>
         <input_file_ref idref="fl-2"/>
      </object_component>
      <object_component id="oc-9c">
         <name>.debug_info</name>
         <load_address>0xfae</load_address>
         <run_address>0xfae</run_address>
         <size>0x2c</size>
         <input_file_ref idref="fl-1f"/>
      </object_component>
      <object_component id="oc-a7">
         <name>.debug_info</name>
         <load_address>0xfda</load_address>
         <run_address>0xfda</run_address>
         <size>0x11a</size>
         <input_file_ref idref="fl-20"/>
      </object_component>
      <object_component id="oc-ad">
         <name>.debug_info</name>
         <load_address>0x10f4</load_address>
         <run_address>0x10f4</run_address>
         <size>0x2a4</size>
         <input_file_ref idref="fl-2"/>
      </object_component>
      <object_component id="oc-ae">
         <name>.debug_info</name>
         <load_address>0x1398</load_address>
         <run_address>0x1398</run_address>
         <size>0x2c</size>
         <input_file_ref idref="fl-2"/>
      </object_component>
      <object_component id="oc-b6">
         <name>.debug_info</name>
         <load_address>0x13c4</load_address>
         <run_address>0x13c4</run_address>
         <size>0xb2</size>
         <input_file_ref idref="fl-2"/>
      </object_component>
      <object_component id="oc-b8">
         <name>.debug_info</name>
         <load_address>0x1476</load_address>
         <run_address>0x1476</run_address>
         <size>0x1ce</size>
         <input_file_ref idref="fl-2"/>
      </object_component>
      <object_component id="oc-106">
         <name>.debug_info</name>
         <load_address>0x1644</load_address>
         <run_address>0x1644</run_address>
         <size>0x82</size>
      </object_component>
      <object_component id="oc-31">
         <name>.debug_line</name>
         <load_address>0x0</load_address>
         <run_address>0x0</run_address>
         <size>0x3b</size>
         <input_file_ref idref="fl-1d"/>
      </object_component>
      <object_component id="oc-39">
         <name>.debug_line</name>
         <load_address>0x3b</load_address>
         <run_address>0x3b</run_address>
         <size>0x4a</size>
         <input_file_ref idref="fl-20"/>
      </object_component>
      <object_component id="oc-42">
         <name>.debug_line</name>
         <load_address>0x85</load_address>
         <run_address>0x85</run_address>
         <size>0x40</size>
         <input_file_ref idref="fl-2"/>
      </object_component>
      <object_component id="oc-49">
         <name>.debug_line</name>
         <load_address>0xc5</load_address>
         <run_address>0xc5</run_address>
         <size>0x3c</size>
         <input_file_ref idref="fl-24"/>
      </object_component>
      <object_component id="oc-4d">
         <name>.debug_line</name>
         <load_address>0x101</load_address>
         <run_address>0x101</run_address>
         <size>0x4e</size>
         <input_file_ref idref="fl-27"/>
      </object_component>
      <object_component id="oc-51">
         <name>.debug_line</name>
         <load_address>0x14f</load_address>
         <run_address>0x14f</run_address>
         <size>0x4f</size>
         <input_file_ref idref="fl-2"/>
      </object_component>
      <object_component id="oc-56">
         <name>.debug_line</name>
         <load_address>0x19e</load_address>
         <run_address>0x19e</run_address>
         <size>0x38</size>
         <input_file_ref idref="fl-22"/>
      </object_component>
      <object_component id="oc-66">
         <name>.debug_line</name>
         <load_address>0x1d6</load_address>
         <run_address>0x1d6</run_address>
         <size>0x34</size>
         <input_file_ref idref="fl-20"/>
      </object_component>
      <object_component id="oc-78">
         <name>.debug_line</name>
         <load_address>0x20a</load_address>
         <run_address>0x20a</run_address>
         <size>0x2a</size>
         <input_file_ref idref="fl-1d"/>
      </object_component>
      <object_component id="oc-7b">
         <name>.debug_line</name>
         <load_address>0x234</load_address>
         <run_address>0x234</run_address>
         <size>0x20</size>
         <input_file_ref idref="fl-1d"/>
      </object_component>
      <object_component id="oc-81">
         <name>.debug_line</name>
         <load_address>0x254</load_address>
         <run_address>0x254</run_address>
         <size>0x20</size>
         <input_file_ref idref="fl-1f"/>
      </object_component>
      <object_component id="oc-86">
         <name>.debug_line</name>
         <load_address>0x274</load_address>
         <run_address>0x274</run_address>
         <size>0x40</size>
         <input_file_ref idref="fl-21"/>
      </object_component>
      <object_component id="oc-8b">
         <name>.debug_line</name>
         <load_address>0x2b4</load_address>
         <run_address>0x2b4</run_address>
         <size>0x49</size>
         <input_file_ref idref="fl-3"/>
      </object_component>
      <object_component id="oc-90">
         <name>.debug_line</name>
         <load_address>0x2fd</load_address>
         <run_address>0x2fd</run_address>
         <size>0x63</size>
         <input_file_ref idref="fl-2"/>
      </object_component>
      <object_component id="oc-96">
         <name>.debug_line</name>
         <load_address>0x360</load_address>
         <run_address>0x360</run_address>
         <size>0x20</size>
         <input_file_ref idref="fl-2"/>
      </object_component>
      <object_component id="oc-9e">
         <name>.debug_line</name>
         <load_address>0x380</load_address>
         <run_address>0x380</run_address>
         <size>0x44</size>
         <input_file_ref idref="fl-1f"/>
      </object_component>
      <object_component id="oc-ac">
         <name>.debug_line</name>
         <load_address>0x3c4</load_address>
         <run_address>0x3c4</run_address>
         <size>0x2d</size>
         <input_file_ref idref="fl-2"/>
      </object_component>
      <object_component id="oc-b0">
         <name>.debug_line</name>
         <load_address>0x3f1</load_address>
         <run_address>0x3f1</run_address>
         <size>0x2d</size>
         <input_file_ref idref="fl-2"/>
      </object_component>
      <object_component id="oc-b9">
         <name>.debug_line</name>
         <load_address>0x41e</load_address>
         <run_address>0x41e</run_address>
         <size>0x52</size>
         <input_file_ref idref="fl-2"/>
      </object_component>
      <object_component id="oc-c7">
         <name>.debug_line</name>
         <load_address>0x470</load_address>
         <run_address>0x470</run_address>
         <size>0x20</size>
         <input_file_ref idref="fl-20"/>
      </object_component>
      <object_component id="oc-c9">
         <name>.debug_line</name>
         <load_address>0x490</load_address>
         <run_address>0x490</run_address>
         <size>0x93</size>
         <input_file_ref idref="fl-2"/>
      </object_component>
      <object_component id="oc-cb">
         <name>.debug_line</name>
         <load_address>0x523</load_address>
         <run_address>0x523</run_address>
         <size>0x2e</size>
         <input_file_ref idref="fl-2"/>
      </object_component>
      <object_component id="oc-32">
         <name>.debug_aranges</name>
         <load_address>0x0</load_address>
         <run_address>0x0</run_address>
         <size>0x20</size>
         <input_file_ref idref="fl-1d"/>
      </object_component>
      <object_component id="oc-3a">
         <name>.debug_aranges</name>
         <load_address>0x20</load_address>
         <run_address>0x20</run_address>
         <size>0x20</size>
         <input_file_ref idref="fl-20"/>
      </object_component>
      <object_component id="oc-44">
         <name>.debug_aranges</name>
         <load_address>0x40</load_address>
         <run_address>0x40</run_address>
         <size>0x20</size>
         <input_file_ref idref="fl-2"/>
      </object_component>
      <object_component id="oc-4a">
         <name>.debug_aranges</name>
         <load_address>0x60</load_address>
         <run_address>0x60</run_address>
         <size>0x20</size>
         <input_file_ref idref="fl-24"/>
      </object_component>
      <object_component id="oc-4e">
         <name>.debug_aranges</name>
         <load_address>0x80</load_address>
         <run_address>0x80</run_address>
         <size>0x20</size>
         <input_file_ref idref="fl-27"/>
      </object_component>
      <object_component id="oc-53">
         <name>.debug_aranges</name>
         <load_address>0xa0</load_address>
         <run_address>0xa0</run_address>
         <size>0x20</size>
         <input_file_ref idref="fl-2"/>
      </object_component>
      <object_component id="oc-57">
         <name>.debug_aranges</name>
         <load_address>0xc0</load_address>
         <run_address>0xc0</run_address>
         <size>0x20</size>
         <input_file_ref idref="fl-22"/>
      </object_component>
      <object_component id="oc-87">
         <name>.debug_aranges</name>
         <load_address>0xe0</load_address>
         <run_address>0xe0</run_address>
         <size>0x20</size>
         <input_file_ref idref="fl-21"/>
      </object_component>
      <object_component id="oc-8d">
         <name>.debug_aranges</name>
         <load_address>0x100</load_address>
         <run_address>0x100</run_address>
         <size>0x20</size>
         <input_file_ref idref="fl-3"/>
      </object_component>
      <object_component id="oc-92">
         <name>.debug_aranges</name>
         <load_address>0x120</load_address>
         <run_address>0x120</run_address>
         <size>0x20</size>
         <input_file_ref idref="fl-2"/>
      </object_component>
      <object_component id="oc-bb">
         <name>.debug_aranges</name>
         <load_address>0x140</load_address>
         <run_address>0x140</run_address>
         <size>0x20</size>
         <input_file_ref idref="fl-2"/>
      </object_component>
      <object_component id="oc-43">
         <name>.debug_frame</name>
         <load_address>0x0</load_address>
         <run_address>0x0</run_address>
         <size>0x47</size>
         <input_file_ref idref="fl-2"/>
      </object_component>
      <object_component id="oc-52">
         <name>.debug_frame</name>
         <load_address>0x47</load_address>
         <run_address>0x47</run_address>
         <size>0x47</size>
         <input_file_ref idref="fl-2"/>
      </object_component>
      <object_component id="oc-8c">
         <name>.debug_frame</name>
         <load_address>0x8e</load_address>
         <run_address>0x8e</run_address>
         <size>0x47</size>
         <input_file_ref idref="fl-3"/>
      </object_component>
      <object_component id="oc-91">
         <name>.debug_frame</name>
         <load_address>0xd5</load_address>
         <run_address>0xd5</run_address>
         <size>0x47</size>
         <input_file_ref idref="fl-2"/>
      </object_component>
      <object_component id="oc-ba">
         <name>.debug_frame</name>
         <load_address>0x11c</load_address>
         <run_address>0x11c</run_address>
         <size>0x47</size>
         <input_file_ref idref="fl-2"/>
      </object_component>
      <object_component id="oc-58">
         <name>.debug_abbrev</name>
         <load_address>0x0</load_address>
         <run_address>0x0</run_address>
         <size>0x5d</size>
         <input_file_ref idref="fl-1d"/>
      </object_component>
      <object_component id="oc-63">
         <name>.debug_abbrev</name>
         <load_address>0x5d</load_address>
         <run_address>0x5d</run_address>
         <size>0x85</size>
         <input_file_ref idref="fl-20"/>
      </object_component>
      <object_component id="oc-65">
         <name>.debug_abbrev</name>
         <load_address>0xe2</load_address>
         <run_address>0xe2</run_address>
         <size>0x24</size>
         <input_file_ref idref="fl-20"/>
      </object_component>
      <object_component id="oc-76">
         <name>.debug_abbrev</name>
         <load_address>0x106</load_address>
         <run_address>0x106</run_address>
         <size>0x53</size>
         <input_file_ref idref="fl-2"/>
      </object_component>
      <object_component id="oc-77">
         <name>.debug_abbrev</name>
         <load_address>0x159</load_address>
         <run_address>0x159</run_address>
         <size>0x29</size>
         <input_file_ref idref="fl-1d"/>
      </object_component>
      <object_component id="oc-7a">
         <name>.debug_abbrev</name>
         <load_address>0x182</load_address>
         <run_address>0x182</run_address>
         <size>0x23</size>
         <input_file_ref idref="fl-1d"/>
      </object_component>
      <object_component id="oc-7e">
         <name>.debug_abbrev</name>
         <load_address>0x1a5</load_address>
         <run_address>0x1a5</run_address>
         <size>0x5a</size>
         <input_file_ref idref="fl-24"/>
      </object_component>
      <object_component id="oc-80">
         <name>.debug_abbrev</name>
         <load_address>0x1ff</load_address>
         <run_address>0x1ff</run_address>
         <size>0x1c</size>
         <input_file_ref idref="fl-1f"/>
      </object_component>
      <object_component id="oc-88">
         <name>.debug_abbrev</name>
         <load_address>0x21b</load_address>
         <run_address>0x21b</run_address>
         <size>0x7a</size>
         <input_file_ref idref="fl-27"/>
      </object_component>
      <object_component id="oc-93">
         <name>.debug_abbrev</name>
         <load_address>0x295</load_address>
         <run_address>0x295</run_address>
         <size>0x73</size>
         <input_file_ref idref="fl-2"/>
      </object_component>
      <object_component id="oc-95">
         <name>.debug_abbrev</name>
         <load_address>0x308</load_address>
         <run_address>0x308</run_address>
         <size>0x1c</size>
         <input_file_ref idref="fl-2"/>
      </object_component>
      <object_component id="oc-99">
         <name>.debug_abbrev</name>
         <load_address>0x324</load_address>
         <run_address>0x324</run_address>
         <size>0x6b</size>
         <input_file_ref idref="fl-22"/>
      </object_component>
      <object_component id="oc-9d">
         <name>.debug_abbrev</name>
         <load_address>0x38f</load_address>
         <run_address>0x38f</run_address>
         <size>0x24</size>
         <input_file_ref idref="fl-1f"/>
      </object_component>
      <object_component id="oc-ab">
         <name>.debug_abbrev</name>
         <load_address>0x3b3</load_address>
         <run_address>0x3b3</run_address>
         <size>0x29</size>
         <input_file_ref idref="fl-2"/>
      </object_component>
      <object_component id="oc-af">
         <name>.debug_abbrev</name>
         <load_address>0x3dc</load_address>
         <run_address>0x3dc</run_address>
         <size>0x24</size>
         <input_file_ref idref="fl-2"/>
      </object_component>
      <object_component id="oc-b3">
         <name>.debug_abbrev</name>
         <load_address>0x400</load_address>
         <run_address>0x400</run_address>
         <size>0x3c</size>
         <input_file_ref idref="fl-21"/>
      </object_component>
      <object_component id="oc-b4">
         <name>.debug_abbrev</name>
         <load_address>0x43c</load_address>
         <run_address>0x43c</run_address>
         <size>0x50</size>
         <input_file_ref idref="fl-3"/>
      </object_component>
      <object_component id="oc-bc">
         <name>.debug_abbrev</name>
         <load_address>0x48c</load_address>
         <run_address>0x48c</run_address>
         <size>0x8b</size>
         <input_file_ref idref="fl-2"/>
      </object_component>
      <object_component id="oc-c6">
         <name>.debug_abbrev</name>
         <load_address>0x517</load_address>
         <run_address>0x517</run_address>
         <size>0x37</size>
         <input_file_ref idref="fl-20"/>
      </object_component>
      <object_component id="oc-c8">
         <name>.debug_abbrev</name>
         <load_address>0x54e</load_address>
         <run_address>0x54e</run_address>
         <size>0x80</size>
         <input_file_ref idref="fl-2"/>
      </object_component>
      <object_component id="oc-ca">
         <name>.debug_abbrev</name>
         <load_address>0x5ce</load_address>
         <run_address>0x5ce</run_address>
         <size>0x29</size>
         <input_file_ref idref="fl-2"/>
      </object_component>
      <object_component id="oc-cc">
         <name>.debug_abbrev</name>
         <load_address>0x5f7</load_address>
         <run_address>0x5f7</run_address>
         <size>0x8b</size>
         <input_file_ref idref="fl-2"/>
      </object_component>
      <object_component id="oc-107">
         <name>.debug_abbrev</name>
         <load_address>0x682</load_address>
         <run_address>0x682</run_address>
         <size>0xf</size>
      </object_component>
      <object_component id="oc-67">
         <name>.debug_str</name>
         <load_address>0x0</load_address>
         <run_address>0x0</run_address>
         <size>0xad</size>
         <input_file_ref idref="fl-20"/>
      </object_component>
      <object_component id="oc-7c">
         <name>.debug_str</name>
         <load_address>0xad</load_address>
         <run_address>0xad</run_address>
         <size>0x10f</size>
         <input_file_ref idref="fl-1d"/>
      </object_component>
      <object_component id="oc-82">
         <name>.debug_str</name>
         <load_address>0x1bc</load_address>
         <run_address>0x1bc</run_address>
         <size>0x10a</size>
         <input_file_ref idref="fl-1f"/>
      </object_component>
      <object_component id="oc-97">
         <name>.debug_str</name>
         <load_address>0x2c6</load_address>
         <run_address>0x2c6</run_address>
         <size>0x105</size>
         <input_file_ref idref="fl-2"/>
      </object_component>
      <object_component id="oc-9f">
         <name>.debug_str</name>
         <load_address>0x3cb</load_address>
         <run_address>0x3cb</run_address>
         <size>0x9c</size>
         <input_file_ref idref="fl-1f"/>
      </object_component>
      <object_component id="oc-b1">
         <name>.debug_str</name>
         <load_address>0x467</load_address>
         <run_address>0x467</run_address>
         <size>0x7f</size>
         <input_file_ref idref="fl-2"/>
      </object_component>
      <object_component id="oc-68">
         <name>.debug_pubtypes</name>
         <load_address>0x0</load_address>
         <run_address>0x0</run_address>
         <size>0x46</size>
         <input_file_ref idref="fl-20"/>
      </object_component>
      <object_component id="oc-7d">
         <name>.debug_pubtypes</name>
         <load_address>0x46</load_address>
         <run_address>0x46</run_address>
         <size>0xed</size>
         <input_file_ref idref="fl-1d"/>
      </object_component>
      <object_component id="oc-83">
         <name>.debug_pubtypes</name>
         <load_address>0x133</load_address>
         <run_address>0x133</run_address>
         <size>0xe4</size>
         <input_file_ref idref="fl-1f"/>
      </object_component>
      <object_component id="oc-98">
         <name>.debug_pubtypes</name>
         <load_address>0x217</load_address>
         <run_address>0x217</run_address>
         <size>0xe4</size>
         <input_file_ref idref="fl-2"/>
      </object_component>
      <object_component id="oc-a0">
         <name>.debug_pubtypes</name>
         <load_address>0x2fb</load_address>
         <run_address>0x2fb</run_address>
         <size>0x1d</size>
         <input_file_ref idref="fl-1f"/>
      </object_component>
      <object_component id="oc-b2">
         <name>.debug_pubtypes</name>
         <load_address>0x318</load_address>
         <run_address>0x318</run_address>
         <size>0x1c</size>
         <input_file_ref idref="fl-2"/>
      </object_component>
   </object_component_list>
   <logical_group_list>
      <logical_group id="lg-4">
         <name>.sysmem</name>
         <run_address>0x0</run_address>
         <size>0x0</size>
         <contents>
         </contents>
      </logical_group>
      <logical_group id="lg-5">
         <name>.stack</name>
         <run_address>0x3b0</run_address>
         <size>0x50</size>
         <contents>
            <object_component_ref idref="oc-45"/>
            <object_component_ref idref="oc-105"/>
         </contents>
      </logical_group>
      <logical_group id="lg-6">
         <name>.text</name>
         <load_address>0xc000</load_address>
         <run_address>0xc000</run_address>
         <size>0x18a</size>
         <contents>
            <object_component_ref idref="oc-4b"/>
            <object_component_ref idref="oc-8e"/>
            <object_component_ref idref="oc-4f"/>
            <object_component_ref idref="oc-89"/>
            <object_component_ref idref="oc-b7"/>
            <object_component_ref idref="oc-2e"/>
            <object_component_ref idref="oc-37"/>
            <object_component_ref idref="oc-84"/>
            <object_component_ref idref="oc-3f"/>
            <object_component_ref idref="oc-47"/>
            <object_component_ref idref="oc-54"/>
         </contents>
      </logical_group>
      <logical_group id="lg-7">
         <name>.cinit</name>
         <load_address>0xc21e</load_address>
         <run_address>0xc21e</run_address>
         <size>0xa</size>
         <contents>
            <object_component_ref idref="oc-104"/>
            <object_component_ref idref="oc-102"/>
            <object_component_ref idref="oc-103"/>
         </contents>
      </logical_group>
      <logical_group id="lg-8">
         <name>.const</name>
         <load_address>0xc18a</load_address>
         <run_address>0xc18a</run_address>
         <size>0x93</size>
         <contents>
            <object_component_ref idref="oc-b5"/>
         </contents>
      </logical_group>
      <logical_group id="lg-9">
         <name>.cio</name>
         <run_address>0x0</run_address>
         <size>0x0</size>
         <contents>
         </contents>
      </logical_group>
      <logical_group id="lg-a">
         <name>.pinit</name>
         <run_address>0x0</run_address>
         <size>0x0</size>
         <contents>
         </contents>
      </logical_group>
      <logical_group id="lg-b">
         <name>.init_array</name>
         <run_address>0x0</run_address>
         <size>0x0</size>
         <contents>
         </contents>
      </logical_group>
      <logical_group id="lg-c">
         <name>.mspabi.exidx</name>
         <run_address>0x0</run_address>
         <size>0x0</size>
         <contents>
         </contents>
      </logical_group>
      <logical_group id="lg-d">
         <name>.mspabi.extab</name>
         <run_address>0x0</run_address>
         <size>0x0</size>
         <contents>
         </contents>
      </logical_group>
      <logical_group id="lg-e">
         <name>.infoA</name>
         <run_address>0x0</run_address>
         <size>0x0</size>
         <contents>
         </contents>
      </logical_group>
      <logical_group id="lg-f">
         <name>.infoB</name>
         <run_address>0x0</run_address>
         <size>0x0</size>
         <contents>
         </contents>
      </logical_group>
      <logical_group id="lg-10">
         <name>.infoC</name>
         <run_address>0x0</run_address>
         <size>0x0</size>
         <contents>
         </contents>
      </logical_group>
      <logical_group id="lg-11">
         <name>.infoD</name>
         <run_address>0x0</run_address>
         <size>0x0</size>
         <contents>
         </contents>
      </logical_group>
      <logical_group id="lg-12">
         <name>.int00</name>
         <run_address>0x0</run_address>
         <size>0x0</size>
         <contents>
         </contents>
      </logical_group>
      <logical_group id="lg-13">
         <name>.int01</name>
         <run_address>0x0</run_address>
         <size>0x0</size>
         <contents>
         </contents>
      </logical_group>
      <logical_group id="lg-14">
         <name>PORT1</name>
         <run_address>0x0</run_address>
         <size>0x0</size>
         <contents>
         </contents>
      </logical_group>
      <logical_group id="lg-16">
         <name>PORT2</name>
         <run_address>0x0</run_address>
         <size>0x0</size>
         <contents>
         </contents>
      </logical_group>
      <logical_group id="lg-18">
         <name>.int04</name>
         <run_address>0x0</run_address>
         <size>0x0</size>
         <contents>
         </contents>
      </logical_group>
      <logical_group id="lg-19">
         <name>ADC10</name>
         <run_address>0x0</run_address>
         <size>0x0</size>
         <contents>
         </contents>
      </logical_group>
      <logical_group id="lg-1b">
         <name>USCIAB0TX</name>
         <run_address>0x0</run_address>
         <size>0x0</size>
         <contents>
         </contents>
      </logical_group>
      <logical_group id="lg-1d">
         <name>USCIAB0RX</name>
         <run_address>0x0</run_address>
         <size>0x0</size>
         <contents>
         </contents>
      </logical_group>
      <logical_group id="lg-1f">
         <name>TIMER0_A1</name>
         <run_address>0x0</run_address>
         <size>0x0</size>
         <contents>
         </contents>
      </logical_group>
      <logical_group id="lg-21">
         <name>TIMER0_A0</name>
         <load_address>0xfff2</load_address>
         <run_address>0xfff2</run_address>
         <size>0x2</size>
         <contents>
            <object_component_ref idref="oc-40"/>
         </contents>
      </logical_group>
      <logical_group id="lg-23">
         <name>WDT</name>
         <run_address>0x0</run_address>
         <size>0x0</size>
         <contents>
         </contents>
      </logical_group>
      <logical_group id="lg-25">
         <name>COMPARATORA</name>
         <run_address>0x0</run_address>
         <size>0x0</size>
         <contents>
         </contents>
      </logical_group>
      <logical_group id="lg-27">
         <name>TIMER1_A1</name>
         <run_address>0x0</run_address>
         <size>0x0</size>
         <contents>
         </contents>
      </logical_group>
      <logical_group id="lg-29">
         <name>TIMER1_A0</name>
         <run_address>0x0</run_address>
         <size>0x0</size>
         <contents>
         </contents>
      </logical_group>
      <logical_group id="lg-2b">
         <name>NMI</name>
         <run_address>0x0</run_address>
         <size>0x0</size>
         <contents>
         </contents>
      </logical_group>
      <logical_group id="lg-2d">
         <name>.reset</name>
         <load_address>0xfffe</load_address>
         <run_address>0xfffe</run_address>
         <size>0x2</size>
         <contents>
            <object_component_ref idref="oc-2f"/>
         </contents>
      </logical_group>
      <logical_group id="lg-ce">
         <name>.TI.noinit</name>
         <run_address>0x200</run_address>
         <size>0x0</size>
         <contents>
         </contents>
      </logical_group>
      <logical_group id="lg-2">
         <name>.bss</name>
         <run_address>0x200</run_address>
         <size>0x2</size>
         <contents>
            <object_component_ref idref="oc-74"/>
         </contents>
      </logical_group>
      <logical_group id="lg-cd">
         <name>BSS_GROUP</name>
         <run_address>0x200</run_address>
         <size>0x2</size>
         <contents>
            <logical_group_ref idref="lg-ce"/>
            <logical_group_ref idref="lg-2"/>
         </contents>
      </logical_group>
      <logical_group id="lg-d0">
         <name>.TI.persistent</name>
         <run_address>0x0</run_address>
         <size>0x0</size>
         <contents>
         </contents>
      </logical_group>
      <logical_group id="lg-3">
         <name>.data</name>
         <run_address>0x0</run_address>
         <size>0x0</size>
         <contents>
         </contents>
      </logical_group>
      <logical_group id="lg-cf">
         <name>DATA_GROUP</name>
         <run_address>0x0</run_address>
         <size>0x0</size>
         <contents>
            <logical_group_ref idref="lg-d0"/>
            <logical_group_ref idref="lg-3"/>
         </contents>
      </logical_group>
      <logical_group id="lg-f4">
         <name>.debug_info</name>
         <load_address>0x0</load_address>
         <run_address>0x0</run_address>
         <size>0x16c6</size>
         <contents>
            <object_component_ref idref="oc-30"/>
            <object_component_ref idref="oc-38"/>
            <object_component_ref idref="oc-41"/>
            <object_component_ref idref="oc-46"/>
            <object_component_ref idref="oc-48"/>
            <object_component_ref idref="oc-4c"/>
            <object_component_ref idref="oc-50"/>
            <object_component_ref idref="oc-55"/>
            <object_component_ref idref="oc-64"/>
            <object_component_ref idref="oc-75"/>
            <object_component_ref idref="oc-79"/>
            <object_component_ref idref="oc-7f"/>
            <object_component_ref idref="oc-85"/>
            <object_component_ref idref="oc-8a"/>
            <object_component_ref idref="oc-8f"/>
            <object_component_ref idref="oc-94"/>
            <object_component_ref idref="oc-9c"/>
            <object_component_ref idref="oc-a7"/>
            <object_component_ref idref="oc-ad"/>
            <object_component_ref idref="oc-ae"/>
            <object_component_ref idref="oc-b6"/>
            <object_component_ref idref="oc-b8"/>
            <object_component_ref idref="oc-106"/>
         </contents>
      </logical_group>
      <logical_group id="lg-f6">
         <name>.debug_line</name>
         <load_address>0x0</load_address>
         <run_address>0x0</run_address>
         <size>0x551</size>
         <contents>
            <object_component_ref idref="oc-31"/>
            <object_component_ref idref="oc-39"/>
            <object_component_ref idref="oc-42"/>
            <object_component_ref idref="oc-49"/>
            <object_component_ref idref="oc-4d"/>
            <object_component_ref idref="oc-51"/>
            <object_component_ref idref="oc-56"/>
            <object_component_ref idref="oc-66"/>
            <object_component_ref idref="oc-78"/>
            <object_component_ref idref="oc-7b"/>
            <object_component_ref idref="oc-81"/>
            <object_component_ref idref="oc-86"/>
            <object_component_ref idref="oc-8b"/>
            <object_component_ref idref="oc-90"/>
            <object_component_ref idref="oc-96"/>
            <object_component_ref idref="oc-9e"/>
            <object_component_ref idref="oc-ac"/>
            <object_component_ref idref="oc-b0"/>
            <object_component_ref idref="oc-b9"/>
            <object_component_ref idref="oc-c7"/>
            <object_component_ref idref="oc-c9"/>
            <object_component_ref idref="oc-cb"/>
         </contents>
      </logical_group>
      <logical_group id="lg-f8">
         <name>.debug_aranges</name>
         <load_address>0x0</load_address>
         <run_address>0x0</run_address>
         <size>0x160</size>
         <contents>
            <object_component_ref idref="oc-32"/>
            <object_component_ref idref="oc-3a"/>
            <object_component_ref idref="oc-44"/>
            <object_component_ref idref="oc-4a"/>
            <object_component_ref idref="oc-4e"/>
            <object_component_ref idref="oc-53"/>
            <object_component_ref idref="oc-57"/>
            <object_component_ref idref="oc-87"/>
            <object_component_ref idref="oc-8d"/>
            <object_component_ref idref="oc-92"/>
            <object_component_ref idref="oc-bb"/>
         </contents>
      </logical_group>
      <logical_group id="lg-fa">
         <name>.debug_frame</name>
         <load_address>0x0</load_address>
         <run_address>0x0</run_address>
         <size>0x163</size>
         <contents>
            <object_component_ref idref="oc-43"/>
            <object_component_ref idref="oc-52"/>
            <object_component_ref idref="oc-8c"/>
            <object_component_ref idref="oc-91"/>
            <object_component_ref idref="oc-ba"/>
         </contents>
      </logical_group>
      <logical_group id="lg-fc">
         <name>.debug_abbrev</name>
         <load_address>0x0</load_address>
         <run_address>0x0</run_address>
         <size>0x691</size>
         <contents>
            <object_component_ref idref="oc-58"/>
            <object_component_ref idref="oc-63"/>
            <object_component_ref idref="oc-65"/>
            <object_component_ref idref="oc-76"/>
            <object_component_ref idref="oc-77"/>
            <object_component_ref idref="oc-7a"/>
            <object_component_ref idref="oc-7e"/>
            <object_component_ref idref="oc-80"/>
            <object_component_ref idref="oc-88"/>
            <object_component_ref idref="oc-93"/>
            <object_component_ref idref="oc-95"/>
            <object_component_ref idref="oc-99"/>
            <object_component_ref idref="oc-9d"/>
            <object_component_ref idref="oc-ab"/>
            <object_component_ref idref="oc-af"/>
            <object_component_ref idref="oc-b3"/>
            <object_component_ref idref="oc-b4"/>
            <object_component_ref idref="oc-bc"/>
            <object_component_ref idref="oc-c6"/>
            <object_component_ref idref="oc-c8"/>
            <object_component_ref idref="oc-ca"/>
            <object_component_ref idref="oc-cc"/>
            <object_component_ref idref="oc-107"/>
         </contents>
      </logical_group>
      <logical_group id="lg-fe">
         <name>.debug_str</name>
         <load_address>0x0</load_address>
         <run_address>0x0</run_address>
         <size>0x4e6</size>
         <contents>
            <object_component_ref idref="oc-67"/>
            <object_component_ref idref="oc-7c"/>
            <object_component_ref idref="oc-82"/>
            <object_component_ref idref="oc-97"/>
            <object_component_ref idref="oc-9f"/>
            <object_component_ref idref="oc-b1"/>
         </contents>
      </logical_group>
      <logical_group id="lg-100">
         <name>.debug_pubtypes</name>
         <load_address>0x0</load_address>
         <run_address>0x0</run_address>
         <size>0x334</size>
         <contents>
            <object_component_ref idref="oc-68"/>
            <object_component_ref idref="oc-7d"/>
            <object_component_ref idref="oc-83"/>
            <object_component_ref idref="oc-98"/>
            <object_component_ref idref="oc-a0"/>
            <object_component_ref idref="oc-b2"/>
         </contents>
      </logical_group>
      <load_segment id="lg-108">
         <name>SEGMENT_0</name>
         <run_address>0x200</run_address>
         <size>0x2</size>
         <flags>0x6</flags>
         <contents>
            <logical_group_ref idref="lg-2"/>
         </contents>
      </load_segment>
      <load_segment id="lg-109">
         <name>SEGMENT_1</name>
         <run_address>0x3b0</run_address>
         <size>0x50</size>
         <flags>0x6</flags>
         <contents>
            <logical_group_ref idref="lg-5"/>
         </contents>
      </load_segment>
      <load_segment id="lg-10a">
         <name>SEGMENT_2</name>
         <load_address>0xc000</load_address>
         <run_address>0xc000</run_address>
         <size>0x21d</size>
         <flags>0x5</flags>
         <contents>
            <logical_group_ref idref="lg-6"/>
            <logical_group_ref idref="lg-8"/>
         </contents>
      </load_segment>
      <load_segment id="lg-10b">
         <name>SEGMENT_3</name>
         <load_address>0xc21e</load_address>
         <run_address>0xc21e</run_address>
         <size>0xa</size>
         <flags>0x4</flags>
         <contents>
            <logical_group_ref idref="lg-7"/>
         </contents>
      </load_segment>
      <load_segment id="lg-10c">
         <name>SEGMENT_4</name>
         <load_address>0xfff2</load_address>
         <run_address>0xfff2</run_address>
         <size>0x2</size>
         <flags>0x4</flags>
         <contents>
            <logical_group_ref idref="lg-21"/>
         </contents>
      </load_segment>
      <load_segment id="lg-10d">
         <name>SEGMENT_5</name>
         <load_address>0xfffe</load_address>
         <run_address>0xfffe</run_address>
         <size>0x2</size>
         <flags>0x4</flags>
         <contents>
            <logical_group_ref idref="lg-2d"/>
         </contents>
      </load_segment>
   </logical_group_list>
   <placement_map>
      <memory_area>
         <name>SFR</name>
         <page_id>0x0</page_id>
         <origin>0x0</origin>
         <length>0x10</length>
         <used_space>0x0</used_space>
         <unused_space>0x10</unused_space>
         <attributes>RWIX</attributes>
         <usage_details>
         </usage_details>
      </memory_area>
      <memory_area>
         <name>PERIPHERALS_8BIT</name>
         <page_id>0x0</page_id>
         <origin>0x10</origin>
         <length>0xf0</length>
         <used_space>0x0</used_space>
         <unused_space>0xf0</unused_space>
         <attributes>RWIX</attributes>
         <usage_details>
         </usage_details>
      </memory_area>
      <memory_area>
         <name>PERIPHERALS_16BIT</name>
         <page_id>0x0</page_id>
         <origin>0x100</origin>
         <length>0x100</length>
         <used_space>0x0</used_space>
         <unused_space>0x100</unused_space>
         <attributes>RWIX</attributes>
         <usage_details>
         </usage_details>
      </memory_area>
      <memory_area>
         <name>RAM</name>
         <page_id>0x0</page_id>
         <origin>0x200</origin>
         <length>0x200</length>
         <used_space>0x52</used_space>
         <unused_space>0x1ae</unused_space>
         <attributes>RWIX</attributes>
         <usage_details>
            <allocated_space>
               <start_address>0x200</start_address>
               <size>0x2</size>
               <logical_group_ref idref="lg-cd"/>
            </allocated_space>
            <available_space>
               <start_address>0x202</start_address>
               <size>0x1ae</size>
            </available_space>
            <allocated_space>
               <start_address>0x3b0</start_address>
               <size>0x50</size>
               <logical_group_ref idref="lg-5"/>
            </allocated_space>
         </usage_details>
      </memory_area>
      <memory_area>
         <name>INFOD</name>
         <page_id>0x0</page_id>
         <origin>0x1000</origin>
         <length>0x40</length>
         <used_space>0x0</used_space>
         <unused_space>0x40</unused_space>
         <attributes>RWIX</attributes>
         <usage_details>
         </usage_details>
      </memory_area>
      <memory_area>
         <name>INFOC</name>
         <page_id>0x0</page_id>
         <origin>0x1040</origin>
         <length>0x40</length>
         <used_space>0x0</used_space>
         <unused_space>0x40</unused_space>
         <attributes>RWIX</attributes>
         <usage_details>
         </usage_details>
      </memory_area>
      <memory_area>
         <name>INFOB</name>
         <page_id>0x0</page_id>
         <origin>0x1080</origin>
         <length>0x40</length>
         <used_space>0x0</used_space>
         <unused_space>0x40</unused_space>
         <attributes>RWIX</attributes>
         <usage_details>
         </usage_details>
      </memory_area>
      <memory_area>
         <name>INFOA</name>
         <page_id>0x0</page_id>
         <origin>0x10c0</origin>
         <length>0x40</length>
         <used_space>0x0</used_space>
         <unused_space>0x40</unused_space>
         <attributes>RWIX</attributes>
         <usage_details>
         </usage_details>
      </memory_area>
      <memory_area>
         <name>FLASH</name>
         <page_id>0x0</page_id>
         <origin>0xc000</origin>
         <length>0x3fe0</length>
         <used_space>0x227</used_space>
         <unused_space>0x3db9</unused_space>
         <attributes>RWIX</attributes>
         <usage_details>
            <allocated_space>
               <start_address>0xc000</start_address>
               <size>0x18a</size>
               <logical_group_ref idref="lg-6"/>
            </allocated_space>
            <allocated_space>
               <start_address>0xc18a</start_address>
               <size>0x93</size>
               <logical_group_ref idref="lg-8"/>
            </allocated_space>
            <available_space>
               <start_address>0xc21d</start_address>
               <size>0x1</size>
            </available_space>
            <allocated_space>
               <start_address>0xc21e</start_address>
               <size>0xa</size>
               <logical_group_ref idref="lg-7"/>
            </allocated_space>
            <available_space>
               <start_address>0xc228</start_address>
               <size>0x3db8</size>
            </available_space>
         </usage_details>
      </memory_area>
      <memory_area>
         <name>INT00</name>
         <page_id>0x0</page_id>
         <origin>0xffe0</origin>
         <length>0x2</length>
         <used_space>0x0</used_space>
         <unused_space>0x2</unused_space>
         <attributes>RWIX</attributes>
         <usage_details>
         </usage_details>
      </memory_area>
      <memory_area>
         <name>INT01</name>
         <page_id>0x0</page_id>
         <origin>0xffe2</origin>
         <length>0x2</length>
         <used_space>0x0</used_space>
         <unused_space>0x2</unused_space>
         <attributes>RWIX</attributes>
         <usage_details>
         </usage_details>
      </memory_area>
      <memory_area>
         <name>INT02</name>
         <page_id>0x0</page_id>
         <origin>0xffe4</origin>
         <length>0x2</length>
         <used_space>0x0</used_space>
         <unused_space>0x2</unused_space>
         <attributes>RWIX</attributes>
         <usage_details>
         </usage_details>
      </memory_area>
      <memory_area>
         <name>INT03</name>
         <page_id>0x0</page_id>
         <origin>0xffe6</origin>
         <length>0x2</length>
         <used_space>0x0</used_space>
         <unused_space>0x2</unused_space>
         <attributes>RWIX</attributes>
         <usage_details>
         </usage_details>
      </memory_area>
      <memory_area>
         <name>INT04</name>
         <page_id>0x0</page_id>
         <origin>0xffe8</origin>
         <length>0x2</length>
         <used_space>0x0</used_space>
         <unused_space>0x2</unused_space>
         <attributes>RWIX</attributes>
         <usage_details>
         </usage_details>
      </memory_area>
      <memory_area>
         <name>INT05</name>
         <page_id>0x0</page_id>
         <origin>0xffea</origin>
         <length>0x2</length>
         <used_space>0x0</used_space>
         <unused_space>0x2</unused_space>
         <attributes>RWIX</attributes>
         <usage_details>
         </usage_details>
      </memory_area>
      <memory_area>
         <name>INT06</name>
         <page_id>0x0</page_id>
         <origin>0xffec</origin>
         <length>0x2</length>
         <used_space>0x0</used_space>
         <unused_space>0x2</unused_space>
         <attributes>RWIX</attributes>
         <usage_details>
         </usage_details>
      </memory_area>
      <memory_area>
         <name>INT07</name>
         <page_id>0x0</page_id>
         <origin>0xffee</origin>
         <length>0x2</length>
         <used_space>0x0</used_space>
         <unused_space>0x2</unused_space>
         <attributes>RWIX</attributes>
         <usage_details>
         </usage_details>
      </memory_area>
      <memory_area>
         <name>INT08</name>
         <page_id>0x0</page_id>
         <origin>0xfff0</origin>
         <length>0x2</length>
         <used_space>0x0</used_space>
         <unused_space>0x2</unused_space>
         <attributes>RWIX</attributes>
         <usage_details>
         </usage_details>
      </memory_area>
      <memory_area>
         <name>INT09</name>
         <page_id>0x0</page_id>
         <origin>0xfff2</origin>
         <length>0x2</length>
         <used_space>0x2</used_space>
         <unused_space>0x0</unused_space>
         <attributes>RWIX</attributes>
         <usage_details>
            <allocated_space>
               <start_address>0xfff2</start_address>
               <size>0x2</size>
               <logical_group_ref idref="lg-21"/>
            </allocated_space>
         </usage_details>
      </memory_area>
      <memory_area>
         <name>INT10</name>
         <page_id>0x0</page_id>
         <origin>0xfff4</origin>
         <length>0x2</length>
         <used_space>0x0</used_space>
         <unused_space>0x2</unused_space>
         <attributes>RWIX</attributes>
         <usage_details>
         </usage_details>
      </memory_area>
      <memory_area>
         <name>INT11</name>
         <page_id>0x0</page_id>
         <origin>0xfff6</origin>
         <length>0x2</length>
         <used_space>0x0</used_space>
         <unused_space>0x2</unused_space>
         <attributes>RWIX</attributes>
         <usage_details>
         </usage_details>
      </memory_area>
      <memory_area>
         <name>INT12</name>
         <page_id>0x0</page_id>
         <origin>0xfff8</origin>
         <length>0x2</length>
         <used_space>0x0</used_space>
         <unused_space>0x2</unused_space>
         <attributes>RWIX</attributes>
         <usage_details>
         </usage_details>
      </memory_area>
      <memory_area>
         <name>INT13</name>
         <page_id>0x0</page_id>
         <origin>0xfffa</origin>
         <length>0x2</length>
         <used_space>0x0</used_space>
         <unused_space>0x2</unused_space>
         <attributes>RWIX</attributes>
         <usage_details>
         </usage_details>
      </memory_area>
      <memory_area>
         <name>INT14</name>
         <page_id>0x0</page_id>
         <origin>0xfffc</origin>
         <length>0x2</length>
         <used_space>0x0</used_space>
         <unused_space>0x2</unused_space>
         <attributes>RWIX</attributes>
         <usage_details>
         </usage_details>
      </memory_area>
      <memory_area>
         <name>RESET</name>
         <page_id>0x0</page_id>
         <origin>0xfffe</origin>
         <length>0x2</length>
         <used_space>0x2</used_space>
         <unused_space>0x0</unused_space>
         <attributes>RWIX</attributes>
         <usage_details>
            <allocated_space>
               <start_address>0xfffe</start_address>
               <size>0x2</size>
               <logical_group_ref idref="lg-2d"/>
            </allocated_space>
         </usage_details>
      </memory_area>
   </placement_map>
   <cptbl_list>
      <cptbl>
         <name>__TI_cinit_table</name>
         <cprec>
            <name>.bss</name>
            <load_address>0xc21e</load_address>
            <load_size>0x4</load_size>
            <run_address>0x200</run_address>
            <run_size>0x2</run_size>
            <compression>zero_init</compression>
         </cprec>
      </cptbl>
   </cptbl_list>
   <handler_table>
      <handler_table_name>__TI_handler_table</handler_table_name>
      <handler>
         <index>0x0</index>
         <name>__TI_zero_init</name>
      </handler>
   </handler_table>
   <symbol_table>
      <symbol id="sm-1">
         <name>IE1</name>
         <value>0x0</value>
      </symbol>
      <symbol id="sm-2">
         <name>IFG1</name>
         <value>0x2</value>
      </symbol>
      <symbol id="sm-3">
         <name>IE2</name>
         <value>0x1</value>
      </symbol>
      <symbol id="sm-4">
         <name>IFG2</name>
         <value>0x3</value>
      </symbol>
      <symbol id="sm-5">
         <name>ADC10DTC0</name>
         <value>0x48</value>
      </symbol>
      <symbol id="sm-6">
         <name>ADC10DTC1</name>
         <value>0x49</value>
      </symbol>
      <symbol id="sm-7">
         <name>ADC10AE0</name>
         <value>0x4a</value>
      </symbol>
      <symbol id="sm-8">
         <name>ADC10CTL0</name>
         <value>0x1b0</value>
      </symbol>
      <symbol id="sm-9">
         <name>ADC10CTL1</name>
         <value>0x1b2</value>
      </symbol>
      <symbol id="sm-a">
         <name>ADC10MEM</name>
         <value>0x1b4</value>
      </symbol>
      <symbol id="sm-b">
         <name>ADC10SA</name>
         <value>0x1bc</value>
      </symbol>
      <symbol id="sm-c">
         <name>DCOCTL</name>
         <value>0x56</value>
      </symbol>
      <symbol id="sm-d">
         <name>BCSCTL1</name>
         <value>0x57</value>
      </symbol>
      <symbol id="sm-e">
         <name>BCSCTL2</name>
         <value>0x58</value>
      </symbol>
      <symbol id="sm-f">
         <name>BCSCTL3</name>
         <value>0x53</value>
      </symbol>
      <symbol id="sm-10">
         <name>CACTL1</name>
         <value>0x59</value>
      </symbol>
      <symbol id="sm-11">
         <name>CACTL2</name>
         <value>0x5a</value>
      </symbol>
      <symbol id="sm-12">
         <name>CAPD</name>
         <value>0x5b</value>
      </symbol>
      <symbol id="sm-13">
         <name>FCTL1</name>
         <value>0x128</value>
      </symbol>
      <symbol id="sm-14">
         <name>FCTL2</name>
         <value>0x12a</value>
      </symbol>
      <symbol id="sm-15">
         <name>FCTL3</name>
         <value>0x12c</value>
      </symbol>
      <symbol id="sm-16">
         <name>P1IN</name>
         <value>0x20</value>
      </symbol>
      <symbol id="sm-17">
         <name>P1OUT</name>
         <value>0x21</value>
      </symbol>
      <symbol id="sm-18">
         <name>P1DIR</name>
         <value>0x22</value>
      </symbol>
      <symbol id="sm-19">
         <name>P1IFG</name>
         <value>0x23</value>
      </symbol>
      <symbol id="sm-1a">
         <name>P1IES</name>
         <value>0x24</value>
      </symbol>
      <symbol id="sm-1b">
         <name>P1IE</name>
         <value>0x25</value>
      </symbol>
      <symbol id="sm-1c">
         <name>P1SEL</name>
         <value>0x26</value>
      </symbol>
      <symbol id="sm-1d">
         <name>P1SEL2</name>
         <value>0x41</value>
      </symbol>
      <symbol id="sm-1e">
         <name>P1REN</name>
         <value>0x27</value>
      </symbol>
      <symbol id="sm-1f">
         <name>P2IN</name>
         <value>0x28</value>
      </symbol>
      <symbol id="sm-20">
         <name>P2OUT</name>
         <value>0x29</value>
      </symbol>
      <symbol id="sm-21">
         <name>P2DIR</name>
         <value>0x2a</value>
      </symbol>
      <symbol id="sm-22">
         <name>P2IFG</name>
         <value>0x2b</value>
      </symbol>
      <symbol id="sm-23">
         <name>P2IES</name>
         <value>0x2c</value>
      </symbol>
      <symbol id="sm-24">
         <name>P2IE</name>
         <value>0x2d</value>
      </symbol>
      <symbol id="sm-25">
         <name>P2SEL</name>
         <value>0x2e</value>
      </symbol>
      <symbol id="sm-26">
         <name>P2SEL2</name>
         <value>0x42</value>
      </symbol>
      <symbol id="sm-27">
         <name>P2REN</name>
         <value>0x2f</value>
      </symbol>
      <symbol id="sm-28">
         <name>P3IN</name>
         <value>0x18</value>
      </symbol>
      <symbol id="sm-29">
         <name>P3OUT</name>
         <value>0x19</value>
      </symbol>
      <symbol id="sm-2a">
         <name>P3DIR</name>
         <value>0x1a</value>
      </symbol>
      <symbol id="sm-2b">
         <name>P3SEL</name>
         <value>0x1b</value>
      </symbol>
      <symbol id="sm-2c">
         <name>P3SEL2</name>
         <value>0x43</value>
      </symbol>
      <symbol id="sm-2d">
         <name>P3REN</name>
         <value>0x10</value>
      </symbol>
      <symbol id="sm-2e">
         <name>TA0IV</name>
         <value>0x12e</value>
      </symbol>
      <symbol id="sm-2f">
         <name>TA0CTL</name>
         <value>0x160</value>
      </symbol>
      <symbol id="sm-30">
         <name>TA0CCTL0</name>
         <value>0x162</value>
      </symbol>
      <symbol id="sm-31">
         <name>TA0CCTL1</name>
         <value>0x164</value>
      </symbol>
      <symbol id="sm-32">
         <name>TA0CCTL2</name>
         <value>0x166</value>
      </symbol>
      <symbol id="sm-33">
         <name>TA0R</name>
         <value>0x170</value>
      </symbol>
      <symbol id="sm-34">
         <name>TA0CCR0</name>
         <value>0x172</value>
      </symbol>
      <symbol id="sm-35">
         <name>TA0CCR1</name>
         <value>0x174</value>
      </symbol>
      <symbol id="sm-36">
         <name>TA0CCR2</name>
         <value>0x176</value>
      </symbol>
      <symbol id="sm-37">
         <name>TA1IV</name>
         <value>0x11e</value>
      </symbol>
      <symbol id="sm-38">
         <name>TA1CTL</name>
         <value>0x180</value>
      </symbol>
      <symbol id="sm-39">
         <name>TA1CCTL0</name>
         <value>0x182</value>
      </symbol>
      <symbol id="sm-3a">
         <name>TA1CCTL1</name>
         <value>0x184</value>
      </symbol>
      <symbol id="sm-3b">
         <name>TA1CCTL2</name>
         <value>0x186</value>
      </symbol>
      <symbol id="sm-3c">
         <name>TA1R</name>
         <value>0x190</value>
      </symbol>
      <symbol id="sm-3d">
         <name>TA1CCR0</name>
         <value>0x192</value>
      </symbol>
      <symbol id="sm-3e">
         <name>TA1CCR1</name>
         <value>0x194</value>
      </symbol>
      <symbol id="sm-3f">
         <name>TA1CCR2</name>
         <value>0x196</value>
      </symbol>
      <symbol id="sm-40">
         <name>UCA0CTL0</name>
         <value>0x60</value>
      </symbol>
      <symbol id="sm-41">
         <name>UCA0CTL1</name>
         <value>0x61</value>
      </symbol>
      <symbol id="sm-42">
         <name>UCA0BR0</name>
         <value>0x62</value>
      </symbol>
      <symbol id="sm-43">
         <name>UCA0BR1</name>
         <value>0x63</value>
      </symbol>
      <symbol id="sm-44">
         <name>UCA0MCTL</name>
         <value>0x64</value>
      </symbol>
      <symbol id="sm-45">
         <name>UCA0STAT</name>
         <value>0x65</value>
      </symbol>
      <symbol id="sm-46">
         <name>UCA0RXBUF</name>
         <value>0x66</value>
      </symbol>
      <symbol id="sm-47">
         <name>UCA0TXBUF</name>
         <value>0x67</value>
      </symbol>
      <symbol id="sm-48">
         <name>UCA0ABCTL</name>
         <value>0x5d</value>
      </symbol>
      <symbol id="sm-49">
         <name>UCA0IRTCTL</name>
         <value>0x5e</value>
      </symbol>
      <symbol id="sm-4a">
         <name>UCA0IRRCTL</name>
         <value>0x5f</value>
      </symbol>
      <symbol id="sm-4b">
         <name>UCB0CTL0</name>
         <value>0x68</value>
      </symbol>
      <symbol id="sm-4c">
         <name>UCB0CTL1</name>
         <value>0x69</value>
      </symbol>
      <symbol id="sm-4d">
         <name>UCB0BR0</name>
         <value>0x6a</value>
      </symbol>
      <symbol id="sm-4e">
         <name>UCB0BR1</name>
         <value>0x6b</value>
      </symbol>
      <symbol id="sm-4f">
         <name>UCB0I2CIE</name>
         <value>0x6c</value>
      </symbol>
      <symbol id="sm-50">
         <name>UCB0STAT</name>
         <value>0x6d</value>
      </symbol>
      <symbol id="sm-51">
         <name>UCB0RXBUF</name>
         <value>0x6e</value>
      </symbol>
      <symbol id="sm-52">
         <name>UCB0TXBUF</name>
         <value>0x6f</value>
      </symbol>
      <symbol id="sm-53">
         <name>UCB0I2COA</name>
         <value>0x118</value>
      </symbol>
      <symbol id="sm-54">
         <name>UCB0I2CSA</name>
         <value>0x11a</value>
      </symbol>
      <symbol id="sm-55">
         <name>WDTCTL</name>
         <value>0x120</value>
      </symbol>
      <symbol id="sm-56">
         <name>CALDCO_16MHZ</name>
         <value>0x10f8</value>
      </symbol>
      <symbol id="sm-57">
         <name>CALBC1_16MHZ</name>
         <value>0x10f9</value>
      </symbol>
      <symbol id="sm-58">
         <name>CALDCO_12MHZ</name>
         <value>0x10fa</value>
      </symbol>
      <symbol id="sm-59">
         <name>CALBC1_12MHZ</name>
         <value>0x10fb</value>
      </symbol>
      <symbol id="sm-5a">
         <name>CALDCO_8MHZ</name>
         <value>0x10fc</value>
      </symbol>
      <symbol id="sm-5b">
         <name>CALBC1_8MHZ</name>
         <value>0x10fd</value>
      </symbol>
      <symbol id="sm-5c">
         <name>CALDCO_1MHZ</name>
         <value>0x10fe</value>
      </symbol>
      <symbol id="sm-5d">
         <name>CALBC1_1MHZ</name>
         <value>0x10ff</value>
      </symbol>
      <symbol id="sm-5e">
         <name>__TI_CINIT_Base</name>
         <value>0xc224</value>
      </symbol>
      <symbol id="sm-5f">
         <name>__TI_CINIT_Limit</name>
         <value>0xc228</value>
      </symbol>
      <symbol id="sm-60">
         <name>__TI_Handler_Table_Base</name>
         <value>0xc222</value>
      </symbol>
      <symbol id="sm-61">
         <name>__TI_Handler_Table_Limit</name>
         <value>0xc224</value>
      </symbol>
      <symbol id="sm-62">
         <name>binit</name>
         <value>0xffffffff</value>
      </symbol>
      <symbol id="sm-63">
         <name>__binit__</name>
         <value>0xffffffff</value>
      </symbol>
      <symbol id="sm-64">
         <name>__STACK_SIZE</name>
         <value>0x50</value>
      </symbol>
      <symbol id="sm-65">
         <name>__STACK_END</name>
         <value>0x400</value>
      </symbol>
      <symbol id="sm-66">
         <name>__c_args__</name>
         <value>0xffffffff</value>
      </symbol>
      <symbol id="sm-de">
         <name>TimerA_ISR</name>
         <value>0xc17c</value>
         <object_component_ref idref="oc-3f"/>
      </symbol>
      <symbol id="sm-df">
         <name>Play_Song</name>
         <value>0xc05e</value>
         <object_component_ref idref="oc-8e"/>
      </symbol>
      <symbol id="sm-e0">
         <name>i</name>
         <value>0x200</value>
         <object_component_ref idref="oc-74"/>
      </symbol>
      <symbol id="sm-e1">
         <name>Delay_Nms</name>
         <value>0xc120</value>
         <object_component_ref idref="oc-b7"/>
      </symbol>
      <symbol id="sm-e2">
         <name>main</name>
         <value>0xc0b2</value>
         <object_component_ref idref="oc-4f"/>
      </symbol>
      <symbol id="sm-e3">
         <name>min_zu_feng</name>
         <value>0xc18a</value>
         <object_component_ref idref="oc-b5"/>
      </symbol>
      <symbol id="sm-e4">
         <name>counter</name>
         <value>0x201</value>
         <object_component_ref idref="oc-74"/>
      </symbol>
      <symbol id="sm-ec">
         <name>Init_HC06</name>
         <value>0xc0f4</value>
         <object_component_ref idref="oc-89"/>
      </symbol>
      <symbol id="sm-fe">
         <name>_c_int00_noexit</name>
         <value>0xc13e</value>
         <object_component_ref idref="oc-2e"/>
      </symbol>
      <symbol id="sm-ff">
         <name>_c_int00</name>
         <value>0xc13e</value>
         <object_component_ref idref="oc-2e"/>
      </symbol>
      <symbol id="sm-100">
         <name>_stack</name>
         <value>0x3b0</value>
         <object_component_ref idref="oc-45"/>
      </symbol>
      <symbol id="sm-101">
         <name>_reset_vector</name>
         <value>0xfffe</value>
         <object_component_ref idref="oc-2f"/>
      </symbol>
      <symbol id="sm-11e">
         <name>__TI_zero_init</name>
         <value>0xc158</value>
         <object_component_ref idref="oc-37"/>
      </symbol>
      <symbol id="sm-125">
         <name>__mspabi_func_epilog_2</name>
         <value>0xc176</value>
         <object_component_ref idref="oc-84"/>
      </symbol>
      <symbol id="sm-126">
         <name>__mspabi_func_epilog_3</name>
         <value>0xc174</value>
         <object_component_ref idref="oc-84"/>
      </symbol>
      <symbol id="sm-127">
         <name>__mspabi_func_epilog_1</name>
         <value>0xc178</value>
         <object_component_ref idref="oc-84"/>
      </symbol>
      <symbol id="sm-128">
         <name>__mspabi_func_epilog_6</name>
         <value>0xc16e</value>
         <object_component_ref idref="oc-84"/>
      </symbol>
      <symbol id="sm-129">
         <name>__mspabi_func_epilog_7</name>
         <value>0xc16c</value>
         <object_component_ref idref="oc-84"/>
      </symbol>
      <symbol id="sm-12a">
         <name>__mspabi_func_epilog_4</name>
         <value>0xc172</value>
         <object_component_ref idref="oc-84"/>
      </symbol>
      <symbol id="sm-12b">
         <name>__mspabi_func_epilog_5</name>
         <value>0xc170</value>
         <object_component_ref idref="oc-84"/>
      </symbol>
      <symbol id="sm-133">
         <name>C$$EXIT</name>
         <value>0xc186</value>
         <object_component_ref idref="oc-54"/>
      </symbol>
      <symbol id="sm-134">
         <name>abort</name>
         <value>0xc186</value>
         <object_component_ref idref="oc-54"/>
      </symbol>
      <symbol id="sm-13c">
         <name>_system_pre_init</name>
         <value>0xc182</value>
         <object_component_ref idref="oc-47"/>
      </symbol>
      <symbol id="sm-14a">
         <name>_auto_init</name>
         <value>0xc000</value>
         <object_component_ref idref="oc-4b"/>
      </symbol>
      <symbol id="sm-14b">
         <name>__TI_exit</name>
         <value>0x1</value>
      </symbol>
      <symbol id="sm-14c">
         <name>__TI_args_main</name>
         <value>0x1</value>
      </symbol>
      <symbol id="sm-14d">
         <name>__TI_INITARRAY_Base</name>
         <value>0x0</value>
      </symbol>
      <symbol id="sm-14e">
         <name>__TI_INITARRAY_Limit</name>
         <value>0x0</value>
      </symbol>
   </symbol_table>
</link_info>
